-- ============================================================
-- Populate Subject table
-- ============================================================
INSERT INTO [dbo].[Subject] ([subject_id], [subject_name]) VALUES
    (1,  'Mathematics'),
    (2,  'Physics'),
    (3,  'Chemistry'),
    (4,  'English Language'),
    (5,  'Physical Education'),
    (6,  'History of Science'),
    (7,  'Programming Fundamentals'),
    (8,  'Discrete Mathematics'),
    (9,  'Linear Algebra'),
    (10, 'Calculus'),
    (11, 'Philosophy'),
    (12, 'Economics'),
    (13, 'Data Structures and Algorithms'),
    (14, 'Computer Architecture'),
    (15, 'Operating Systems'),
    (16, 'Database Systems'),
    (17, 'Computer Networks'),
    (18, 'Software Engineering'),
    (19, 'Object-Oriented Programming'),
    (20, 'Web Technologies'),
    (21, 'Probability and Statistics'),
    (22, 'Numerical Methods'),
    (23, 'Compiler Design'),
    (24, 'Artificial Intelligence'),
    (25, 'Machine Learning'),
    (26, 'Information Security'),
    (27, 'Computer Graphics'),
    (28, 'Parallel Computing'),
    (29, 'Mobile Development'),
    (30, 'Research Methods');
GO

-- ============================================================
-- Populate Curriculum_subject table (8 semesters)
-- certification_type: 'exam' or 'credit'
-- ============================================================
-- Semester 1
INSERT INTO [dbo].[Curriculum_subject] ([subject_id], [semester_number], [hours], [certification_type]) VALUES
                                                                                                            (1,  1, 72,  'exam'),
                                                                                                            (4,  1, 36,  'credit'),
                                                                                                            (5,  1, 36,  'credit'),
                                                                                                            (6,  1, 36,  'credit'),
                                                                                                            (7,  1, 72,  'exam'),
                                                                                                            (8,  1, 54,  'exam');
GO
-- Semester 2
INSERT INTO [dbo].[Curriculum_subject] ([subject_id], [semester_number], [hours], [certification_type]) VALUES
                                                                                                            (1,  2, 72,  'exam'),
                                                                                                            (4,  2, 36,  'credit'),
                                                                                                            (5,  2, 36,  'credit'),
                                                                                                            (9,  2, 54,  'exam'),
                                                                                                            (10, 2, 72,  'exam'),
                                                                                                            (14, 2, 54,  'exam');
GO
-- Semester 3
INSERT INTO [dbo].[Curriculum_subject] ([subject_id], [semester_number], [hours], [certification_type]) VALUES
                                                                                                            (2,  3, 72,  'exam'),
                                                                                                            (4,  3, 36,  'credit'),
                                                                                                            (5,  3, 36,  'credit'),
                                                                                                            (10, 3, 72,  'exam'),
                                                                                                            (11, 3, 36,  'credit'),
                                                                                                            (13, 3, 72,  'exam'),
                                                                                                            (19, 3, 54,  'exam');
GO
-- Semester 4
INSERT INTO [dbo].[Curriculum_subject] ([subject_id], [semester_number], [hours], [certification_type]) VALUES
                                                                                                            (2,  4, 54,  'exam'),
                                                                                                            (4,  4, 36,  'credit'),
                                                                                                            (5,  4, 36,  'credit'),
                                                                                                            (12, 4, 36,  'credit'),
                                                                                                            (15, 4, 72,  'exam'),
                                                                                                            (21, 4, 54,  'exam'),
                                                                                                            (22, 4, 54,  'exam');
GO
-- Semester 5
INSERT INTO [dbo].[Curriculum_subject] ([subject_id], [semester_number], [hours], [certification_type]) VALUES
                                                                                                            (5,  5, 36,  'credit'),
                                                                                                            (16, 5, 72,  'exam'),
                                                                                                            (17, 5, 72,  'exam'),
                                                                                                            (18, 5, 54,  'exam'),
                                                                                                            (20, 5, 54,  'exam'),
                                                                                                            (23, 5, 54,  'exam'),
                                                                                                            (26, 5, 36,  'credit');
GO
-- Semester 6
INSERT INTO [dbo].[Curriculum_subject] ([subject_id], [semester_number], [hours], [certification_type]) VALUES
                                                                                                            (5,  6, 36,  'credit'),
                                                                                                            (17, 6, 36,  'credit'),
                                                                                                            (18, 6, 72,  'exam'),
                                                                                                            (24, 6, 72,  'exam'),
                                                                                                            (26, 6, 54,  'exam'),
                                                                                                            (27, 6, 54,  'exam'),
                                                                                                            (28, 6, 54,  'exam');
GO
-- Semester 7
INSERT INTO [dbo].[Curriculum_subject] ([subject_id], [semester_number], [hours], [certification_type]) VALUES
                                                                                                            (18, 7, 36,  'credit'),
                                                                                                            (24, 7, 36,  'credit'),
                                                                                                            (25, 7, 72,  'exam'),
                                                                                                            (28, 7, 36,  'credit'),
                                                                                                            (29, 7, 72,  'exam'),
                                                                                                            (30, 7, 36,  'credit');
GO
-- Semester 8
INSERT INTO [dbo].[Curriculum_subject] ([subject_id], [semester_number], [hours], [certification_type]) VALUES
                                                                                                            (25, 8, 36,  'credit'),
                                                                                                            (29, 8, 36,  'credit'),
                                                                                                            (30, 8, 72,  'exam');
GO

-- ============================================================
-- Populate Student table (60 students, semesters 1-8)
-- ============================================================
INSERT INTO [dbo].[Student] ([record_book_id], [name], [surname], [patronymic], [current_semester]) VALUES
-- Semester 8 (4th year, finished)
(10001, 'James',      'Harrison',   'Robert',    8),
(10002, 'Olivia',     'Bennett',    'Anne',      8),
(10003, 'Ethan',      'Clarke',     NULL,        8),
(10004, 'Sophia',     'Morrison',   'Marie',     8),
(10005, 'Liam',       'Fletcher',   'John',      8),
(10006, 'Isabella',   'Owens',      NULL,        8),
(10007, 'Noah',       'Sinclair',   'Thomas',    8),
(10008, 'Emma',       'Whitfield',  'Grace',     8),
(10009, 'Mason',      'Thornton',   NULL,        8),
(10010, 'Ava',        'Caldwell',   'Louise',    8),

-- Semester 7
(10011, 'Lucas',      'Pemberton',  'David',     7),
(10012, 'Mia',        'Blackwood',  NULL,        7),
(10013, 'Alexander',  'Stanton',    'William',   7),
(10014, 'Charlotte',  'Griffith',   'Rose',      7),
(10015, 'Henry',      'Langford',   NULL,        7),
(10016, 'Amelia',     'Norwood',    'Claire',    7),
(10017, 'Sebastian',  'Eastwood',   'Philip',    7),
(10018, 'Harper',     'Whitmore',   NULL,        7),
(10019, 'Jack',       'Dunmore',    'Arthur',    7),
(10020, 'Evelyn',     'Ashford',    'Victoria',  7),

-- Semester 6
(10021, 'Benjamin',   'Kincaid',    'Charles',   6),
(10022, 'Abigail',    'Holloway',   NULL,        6),
(10023, 'Daniel',     'Prescott',   'George',    6),
(10024, 'Emily',      'Cromwell',   'Jane',      6),
(10025, 'Matthew',    'Foxworth',   NULL,        6),
(10026, 'Elizabeth',  'Sutherland', 'Mary',      6),
(10027, 'Samuel',     'Radcliffe',  'Henry',     6),
(10028, 'Scarlett',   'Davenport',  NULL,        6),
(10029, 'Joseph',     'Wentworth',  'Edmund',    6),
(10030, 'Grace',      'Alderton',   'Frances',   6),

-- Semester 5
(10031, 'David',      'Kingsley',   'Oliver',    5),
(10032, 'Chloe',      'Bramley',    NULL,        5),
(10033, 'Andrew',     'Hargreaves', 'Frederick', 5),
(10034, 'Lily',       'Castleton',  'Margaret',  5),
(10035, 'Ryan',       'Whitstone',  NULL,        5),
(10036, 'Natalie',    'Ashworth',   'Susan',     5),
(10037, 'Tyler',      'Pennington', 'Craig',     5),
(10038, 'Hannah',     'Goodwright', NULL,        5),
(10039, 'Dylan',      'Merrifield', 'Ross',      5),
(10040, 'Zoe',        'Blackstone', 'Patricia',  5),

-- Semester 4
(10041, 'Nathan',     'Carrington', 'Stuart',    4),
(10042, 'Victoria',   'Winfield',   NULL,        4),
(10043, 'Aaron',      'Ashby',      'Leonard',   4),
(10044, 'Stella',     'Dunbar',     'Helen',     4),
(10045, 'Caleb',      'Whitehall',  NULL,        4),
(10046, 'Aurora',     'Sherwood',   'Diana',     4),
(10047, 'Isaac',      'Longfellow', 'Mark',      4),
(10048, 'Penelope',   'Redwood',    NULL,        4),
(10049, 'Eli',        'Greenfield', 'Patrick',   4),
(10050, 'Layla',      'Stonehouse', 'Catherine', 4),

-- Semester 3
(10051, 'Owen',       'Whitaker',   'Brett',     3),
(10052, 'Nora',       'Fairbanks',  NULL,        3),
(10053, 'Julian',     'Copeland',   'Marcus',    3),
(10054, 'Ruby',       'Stanhope',   'Eleanor',   3),
(10055, 'Wyatt',      'Blackburn',  NULL,        3),
(10056, 'Hazel',      'Kingstone',  'Irene',     3),
(10057, 'Leo',        'Foxley',     'Dean',      3),
(10058, 'Violet',     'Coldwell',   NULL,        3),
(10059, 'Adrian',     'Greenway',   'Neil',      3),
(10060, 'Piper',      'Hartington', 'Clara',     3),

-- Semester 2
(10061, 'Finn',       'Westbrook',  'Alan',      2),
(10062, 'Isla',       'Mercer',     NULL,        2),
(10063, 'Connor',     'Aldridge',   'Bruce',     2),
(10064, 'Aria',       'Westfield',  'Sandra',    2),
(10065, 'Tristan',    'Holbrook',   NULL,        2),
(10066, 'Luna',       'Stanmore',   'Diane',     2),
(10067, 'Jasper',     'Huxley',     'Glen',      2),
(10068, 'Willow',     'Fairclough', NULL,        2),
(10069, 'Miles',      'Stanwick',   'Terry',     2),
(10070, 'Freya',      'Bridgeford', 'Naomi',     2),

-- Semester 1
(10071, 'Elliot',     'Ashmore',    'Blake',     1),
(10072, 'Sienna',     'Coldbrook',  NULL,        1),
(10073, 'Hugo',       'Farrington', 'Colin',     1),
(10074, 'Imogen',     'Saltwell',   'Ruth',      1),
(10075, 'Archie',     'Dunwich',    NULL,        1),
(10076, 'Poppy',      'Hartwell',   'Gail',      1),
(10077, 'Freddie',    'Brightmore', 'Ian',       1),
(10078, 'Matilda',    'Ironwood',   NULL,        1),
(10079, 'Oscar',      'Westmoor',   'Clive',     1),
(10080, 'Bonnie',     'Northfield', 'Alice',     1);
GO

-- ============================================================
-- Helper: a realistic pass_date within the exam session
-- Semester 1 -> Jan 2021, Sem 2 -> Jun 2021, ..., Sem 8 -> Jun 2024
-- grades: 2 (fail), 3, 4, 5  (most students pass)
-- ============================================================

-- ============================================================
-- Populate Certification_result
-- Only completed semesters get results (current_semester > sem)
-- ============================================================

-- ---------- Semester 1 subjects ----------
-- Subjects: 1(exam),4(credit),5(credit),6(credit),7(exam),8(exam)
-- Students who completed sem 1: record_book_id 10001-10080 (all have current_semester >= 2..8)
-- We insert for students 10001-10070 (semesters 2-8 students have passed sem 1)

INSERT INTO [dbo].[Certification_result] VALUES
-- student 10001
(10001,1,1,5,'2021-01-12'),(10001,4,1,4,'2021-01-08'),(10001,5,1,3,'2021-01-06'),(10001,6,1,2,'2021-01-07'),(10001,7,1,5,'2021-01-15'),(10001,8,1,5,'2021-01-18'),
-- student 10002
(10002,1,1,4,'2021-01-13'),(10002,4,1,5,'2021-01-08'),(10002,5,1,5,'2021-01-06'),(10002,6,1,4,'2021-01-07'),(10002,7,1,4,'2021-01-16'),(10002,8,1,3,'2021-01-19'),
-- student 10003
(10003,1,1,5,'2021-01-14'),(10003,4,1,4,'2021-01-09'),(10003,5,1,3,'2021-01-06'),(10003,6,1,3,'2021-01-07'),(10003,7,1,5,'2021-01-16'),(10003,8,1,5,'2021-01-20'),
-- student 10004
(10004,1,1,4,'2021-01-12'),(10004,4,1,5,'2021-01-08'),(10004,5,1,5,'2021-01-06'),(10004,6,1,5,'2021-01-07'),(10004,7,1,4,'2021-01-15'),(10004,8,1,4,'2021-01-18'),
-- student 10005
(10005,1,1,5,'2021-01-13'),(10005,4,1,4,'2021-01-09'),(10005,5,1,4,'2021-01-06'),(10005,6,1,3,'2021-01-08'),(10005,7,1,3,'2021-01-17'),(10005,8,1,5,'2021-01-21'),
-- student 10006
(10006,1,1,4,'2021-01-14'),(10006,4,1,3,'2021-01-09'),(10006,5,1,5,'2021-01-06'),(10006,6,1,5,'2021-01-08'),(10006,7,1,4,'2021-01-17'),(10006,8,1,4,'2021-01-22'),
-- student 10007
(10007,1,1,3,'2021-01-15'),(10007,4,1,4,'2021-01-10'),(10007,5,1,4,'2021-01-07'),(10007,6,1,4,'2021-01-08'),(10007,7,1,3,'2021-01-18'),(10007,8,1,2,'2021-01-22'),
-- student 10008
(10008,1,1,4,'2021-01-15'),(10008,4,1,3,'2021-01-10'),(10008,5,1,2,'2021-01-07'),(10008,6,1,5,'2021-01-09'),(10008,7,1,5,'2021-01-18'),(10008,8,1,4,'2021-01-23'),
-- student 10009
(10009,1,1,3,'2021-01-16'),(10009,4,1,5,'2021-01-10'),(10009,5,1,4,'2021-01-07'),(10009,6,1,4,'2021-01-09'),(10009,7,1,3,'2021-01-19'),(10009,8,1,3,'2021-01-23'),
-- student 10010
(10010,1,1,5,'2021-01-16'),(10010,4,1,3,'2021-01-11'),(10010,5,1,3,'2021-01-07'),(10010,6,1,5,'2021-01-09'),(10010,7,1,5,'2021-01-19'),(10010,8,1,5,'2021-01-24'),
-- students 10011-10070 sem1 (grades varied)
(10011,1,1,3,'2021-01-12'),(10011,4,1,5,'2021-01-08'),(10011,5,1,5,'2021-01-06'),(10011,6,1,4,'2021-01-07'),(10011,7,1,4,'2021-01-15'),(10011,8,1,3,'2021-01-18'),
(10012,1,1,5,'2021-01-13'),(10012,4,1,4,'2021-01-08'),(10012,5,1,3,'2021-01-06'),(10012,6,1,3,'2021-01-08'),(10012,7,1,5,'2021-01-16'),(10012,8,1,5,'2021-01-20'),
(10013,1,1,4,'2021-01-14'),(10013,4,1,5,'2021-01-09'),(10013,5,1,5,'2021-01-07'),(10013,6,1,4,'2021-01-08'),(10013,7,1,4,'2021-01-17'),(10013,8,1,4,'2021-01-21'),
(10014,1,1,5,'2021-01-14'),(10014,4,1,4,'2021-01-09'),(10014,5,1,4,'2021-01-07'),(10014,6,1,3,'2021-01-09'),(10014,7,1,2,'2021-01-17'),(10014,8,1,5,'2021-01-21'),
(10015,1,1,4,'2021-01-15'),(10015,4,1,2,'2021-01-10'),(10015,5,1,5,'2021-01-07'),(10015,6,1,5,'2021-01-09'),(10015,7,1,4,'2021-01-18'),(10015,8,1,4,'2021-01-22'),
(10016,1,1,2,'2021-01-15'),(10016,4,1,4,'2021-01-10'),(10016,5,1,4,'2021-01-07'),(10016,6,1,3,'2021-01-09'),(10016,7,1,3,'2021-01-18'),(10016,8,1,5,'2021-01-22'),
(10017,1,1,4,'2021-01-16'),(10017,4,1,3,'2021-01-10'),(10017,5,1,5,'2021-01-08'),(10017,6,1,5,'2021-01-10'),(10017,7,1,5,'2021-01-19'),(10017,8,1,4,'2021-01-23'),
(10018,1,1,3,'2021-01-16'),(10018,4,1,5,'2021-01-10'),(10018,5,1,4,'2021-01-08'),(10018,6,1,4,'2021-01-10'),(10018,7,1,3,'2021-01-19'),(10018,8,1,3,'2021-01-24'),
(10019,1,1,5,'2021-01-17'),(10019,4,1,3,'2021-01-11'),(10019,5,1,3,'2021-01-08'),(10019,6,1,5,'2021-01-10'),(10019,7,1,5,'2021-01-20'),(10019,8,1,4,'2021-01-24'),
(10020,1,1,3,'2021-01-17'),(10020,4,1,5,'2021-01-11'),(10020,5,1,4,'2021-01-08'),(10020,6,1,4,'2021-01-10'),(10020,7,1,4,'2021-01-20'),(10020,8,1,3,'2021-01-25'),
(10021,1,1,5,'2021-01-12'),(10021,4,1,4,'2021-01-08'),(10021,5,1,3,'2021-01-06'),(10021,6,1,2,'2021-01-07'),(10021,7,1,5,'2021-01-15'),(10021,8,1,5,'2021-01-18'),
(10022,1,1,4,'2021-01-13'),(10022,4,1,5,'2021-01-08'),(10022,5,1,5,'2021-01-06'),(10022,6,1,4,'2021-01-08'),(10022,7,1,4,'2021-01-16'),(10022,8,1,3,'2021-01-20'),
(10023,1,1,5,'2021-01-14'),(10023,4,1,4,'2021-01-09'),(10023,5,1,3,'2021-01-07'),(10023,6,1,3,'2021-01-08'),(10023,7,1,5,'2021-01-17'),(10023,8,1,5,'2021-01-21'),
(10024,1,1,4,'2021-01-14'),(10024,4,1,5,'2021-01-09'),(10024,5,1,5,'2021-01-07'),(10024,6,1,5,'2021-01-09'),(10024,7,1,4,'2021-01-17'),(10024,8,1,4,'2021-01-21'),
(10025,1,1,5,'2021-01-15'),(10025,4,1,4,'2021-01-10'),(10025,5,1,4,'2021-01-07'),(10025,6,1,3,'2021-01-09'),(10025,7,1,3,'2021-01-18'),(10025,8,1,5,'2021-01-22'),
(10026,1,1,4,'2021-01-15'),(10026,4,1,3,'2021-01-10'),(10026,5,1,5,'2021-01-07'),(10026,6,1,5,'2021-01-09'),(10026,7,1,4,'2021-01-18'),(10026,8,1,4,'2021-01-22'),
(10027,1,1,3,'2021-01-16'),(10027,4,1,4,'2021-01-10'),(10027,5,1,4,'2021-01-08'),(10027,6,1,4,'2021-01-10'),(10027,7,1,3,'2021-01-19'),(10027,8,1,2,'2021-01-23'),
(10028,1,1,4,'2021-01-16'),(10028,4,1,3,'2021-01-10'),(10028,5,1,2,'2021-01-08'),(10028,6,1,5,'2021-01-10'),(10028,7,1,5,'2021-01-19'),(10028,8,1,4,'2021-01-24'),
(10029,1,1,3,'2021-01-17'),(10029,4,1,5,'2021-01-11'),(10029,5,1,4,'2021-01-08'),(10029,6,1,4,'2021-01-10'),(10029,7,1,3,'2021-01-20'),(10029,8,1,3,'2021-01-24'),
(10030,1,1,5,'2021-01-17'),(10030,4,1,3,'2021-01-11'),(10030,5,1,3,'2021-01-08'),(10030,6,1,5,'2021-01-10'),(10030,7,1,5,'2021-01-20'),(10030,8,1,5,'2021-01-25'),
(10031,1,1,3,'2021-01-12'),(10031,4,1,5,'2021-01-08'),(10031,5,1,5,'2021-01-06'),(10031,6,1,4,'2021-01-07'),(10031,7,1,4,'2021-01-15'),(10031,8,1,3,'2021-01-18'),
(10032,1,1,5,'2021-01-13'),(10032,4,1,4,'2021-01-08'),(10032,5,1,3,'2021-01-06'),(10032,6,1,3,'2021-01-08'),(10032,7,1,5,'2021-01-16'),(10032,8,1,5,'2021-01-20'),
(10033,1,1,4,'2021-01-14'),(10033,4,1,5,'2021-01-09'),(10033,5,1,5,'2021-01-07'),(10033,6,1,4,'2021-01-08'),(10033,7,1,4,'2021-01-17'),(10033,8,1,4,'2021-01-21'),
(10034,1,1,5,'2021-01-14'),(10034,4,1,4,'2021-01-09'),(10034,5,1,4,'2021-01-07'),(10034,6,1,3,'2021-01-09'),(10034,7,1,2,'2021-01-17'),(10034,8,1,5,'2021-01-21'),
(10035,1,1,4,'2021-01-15'),(10035,4,1,2,'2021-01-10'),(10035,5,1,5,'2021-01-07'),(10035,6,1,5,'2021-01-09'),(10035,7,1,4,'2021-01-18'),(10035,8,1,4,'2021-01-22'),
(10036,1,1,2,'2021-01-15'),(10036,4,1,4,'2021-01-10'),(10036,5,1,4,'2021-01-07'),(10036,6,1,3,'2021-01-09'),(10036,7,1,3,'2021-01-18'),(10036,8,1,5,'2021-01-22'),
(10037,1,1,4,'2021-01-16'),(10037,4,1,3,'2021-01-10'),(10037,5,1,5,'2021-01-08'),(10037,6,1,5,'2021-01-10'),(10037,7,1,5,'2021-01-19'),(10037,8,1,4,'2021-01-23'),
(10038,1,1,3,'2021-01-16'),(10038,4,1,5,'2021-01-10'),(10038,5,1,4,'2021-01-08'),(10038,6,1,4,'2021-01-10'),(10038,7,1,3,'2021-01-19'),(10038,8,1,3,'2021-01-24'),
(10039,1,1,5,'2021-01-17'),(10039,4,1,3,'2021-01-11'),(10039,5,1,3,'2021-01-08'),(10039,6,1,5,'2021-01-10'),(10039,7,1,5,'2021-01-20'),(10039,8,1,4,'2021-01-24'),
(10040,1,1,3,'2021-01-17'),(10040,4,1,5,'2021-01-11'),(10040,5,1,4,'2021-01-08'),(10040,6,1,4,'2021-01-10'),(10040,7,1,4,'2021-01-20'),(10040,8,1,3,'2021-01-25'),
(10041,1,1,5,'2021-01-12'),(10041,4,1,4,'2021-01-08'),(10041,5,1,3,'2021-01-06'),(10041,6,1,2,'2021-01-07'),(10041,7,1,5,'2021-01-15'),(10041,8,1,5,'2021-01-18'),
(10042,1,1,4,'2021-01-13'),(10042,4,1,5,'2021-01-08'),(10042,5,1,5,'2021-01-06'),(10042,6,1,4,'2021-01-08'),(10042,7,1,4,'2021-01-16'),(10042,8,1,3,'2021-01-20'),
(10043,1,1,5,'2021-01-14'),(10043,4,1,4,'2021-01-09'),(10043,5,1,3,'2021-01-07'),(10043,6,1,3,'2021-01-08'),(10043,7,1,5,'2021-01-17'),(10043,8,1,5,'2021-01-21'),
(10044,1,1,4,'2021-01-14'),(10044,4,1,5,'2021-01-09'),(10044,5,1,5,'2021-01-07'),(10044,6,1,5,'2021-01-09'),(10044,7,1,4,'2021-01-17'),(10044,8,1,4,'2021-01-21'),
(10045,1,1,5,'2021-01-15'),(10045,4,1,4,'2021-01-10'),(10045,5,1,4,'2021-01-07'),(10045,6,1,3,'2021-01-09'),(10045,7,1,3,'2021-01-18'),(10045,8,1,5,'2021-01-22'),
(10046,1,1,4,'2021-01-15'),(10046,4,1,3,'2021-01-10'),(10046,5,1,5,'2021-01-07'),(10046,6,1,5,'2021-01-09'),(10046,7,1,4,'2021-01-18'),(10046,8,1,4,'2021-01-22'),
(10047,1,1,3,'2021-01-16'),(10047,4,1,4,'2021-01-10'),(10047,5,1,4,'2021-01-08'),(10047,6,1,4,'2021-01-10'),(10047,7,1,3,'2021-01-19'),(10047,8,1,2,'2021-01-23'),
(10048,1,1,4,'2021-01-16'),(10048,4,1,3,'2021-01-10'),(10048,5,1,2,'2021-01-08'),(10048,6,1,5,'2021-01-10'),(10048,7,1,5,'2021-01-19'),(10048,8,1,4,'2021-01-24'),
(10049,1,1,3,'2021-01-17'),(10049,4,1,5,'2021-01-11'),(10049,5,1,4,'2021-01-08'),(10049,6,1,4,'2021-01-10'),(10049,7,1,3,'2021-01-20'),(10049,8,1,3,'2021-01-24'),
(10050,1,1,5,'2021-01-17'),(10050,4,1,3,'2021-01-11'),(10050,5,1,3,'2021-01-08'),(10050,6,1,5,'2021-01-10'),(10050,7,1,5,'2021-01-20'),(10050,8,1,5,'2021-01-25'),
(10051,1,1,3,'2021-01-12'),(10051,4,1,5,'2021-01-08'),(10051,5,1,5,'2021-01-06'),(10051,6,1,4,'2021-01-07'),(10051,7,1,4,'2021-01-15'),(10051,8,1,3,'2021-01-18'),
(10052,1,1,5,'2021-01-13'),(10052,4,1,4,'2021-01-08'),(10052,5,1,3,'2021-01-06'),(10052,6,1,3,'2021-01-08'),(10052,7,1,5,'2021-01-16'),(10052,8,1,5,'2021-01-20'),
(10053,1,1,4,'2021-01-14'),(10053,4,1,5,'2021-01-09'),(10053,5,1,5,'2021-01-07'),(10053,6,1,4,'2021-01-08'),(10053,7,1,4,'2021-01-17'),(10053,8,1,4,'2021-01-21'),
(10054,1,1,5,'2021-01-14'),(10054,4,1,4,'2021-01-09'),(10054,5,1,4,'2021-01-07'),(10054,6,1,3,'2021-01-09'),(10054,7,1,2,'2021-01-17'),(10054,8,1,5,'2021-01-21'),
(10055,1,1,4,'2021-01-15'),(10055,4,1,2,'2021-01-10'),(10055,5,1,5,'2021-01-07'),(10055,6,1,5,'2021-01-09'),(10055,7,1,4,'2021-01-18'),(10055,8,1,4,'2021-01-22'),
(10056,1,1,2,'2021-01-15'),(10056,4,1,4,'2021-01-10'),(10056,5,1,4,'2021-01-07'),(10056,6,1,3,'2021-01-09'),(10056,7,1,3,'2021-01-18'),(10056,8,1,5,'2021-01-22'),
(10057,1,1,4,'2021-01-16'),(10057,4,1,3,'2021-01-10'),(10057,5,1,5,'2021-01-08'),(10057,6,1,5,'2021-01-10'),(10057,7,1,5,'2021-01-19'),(10057,8,1,4,'2021-01-23'),
(10058,1,1,3,'2021-01-16'),(10058,4,1,5,'2021-01-10'),(10058,5,1,4,'2021-01-08'),(10058,6,1,4,'2021-01-10'),(10058,7,1,3,'2021-01-19'),(10058,8,1,3,'2021-01-24'),
(10059,1,1,5,'2021-01-17'),(10059,4,1,3,'2021-01-11'),(10059,5,1,3,'2021-01-08'),(10059,6,1,5,'2021-01-10'),(10059,7,1,5,'2021-01-20'),(10059,8,1,4,'2021-01-24'),
(10060,1,1,3,'2021-01-17'),(10060,4,1,5,'2021-01-11'),(10060,5,1,4,'2021-01-08'),(10060,6,1,4,'2021-01-10'),(10060,7,1,4,'2021-01-20'),(10060,8,1,3,'2021-01-25'),
(10061,1,1,5,'2021-01-12'),(10061,4,1,4,'2021-01-08'),(10061,5,1,3,'2021-01-06'),(10061,6,1,2,'2021-01-07'),(10061,7,1,5,'2021-01-15'),(10061,8,1,5,'2021-01-18'),
(10062,1,1,4,'2021-01-13'),(10062,4,1,5,'2021-01-08'),(10062,5,1,5,'2021-01-06'),(10062,6,1,4,'2021-01-08'),(10062,7,1,4,'2021-01-16'),(10062,8,1,3,'2021-01-20'),
(10063,1,1,5,'2021-01-14'),(10063,4,1,4,'2021-01-09'),(10063,5,1,3,'2021-01-07'),(10063,6,1,3,'2021-01-08'),(10063,7,1,5,'2021-01-17'),(10063,8,1,5,'2021-01-21'),
(10064,1,1,4,'2021-01-14'),(10064,4,1,5,'2021-01-09'),(10064,5,1,5,'2021-01-07'),(10064,6,1,5,'2021-01-09'),(10064,7,1,4,'2021-01-17'),(10064,8,1,4,'2021-01-21'),
(10065,1,1,5,'2021-01-15'),(10065,4,1,4,'2021-01-10'),(10065,5,1,4,'2021-01-07'),(10065,6,1,3,'2021-01-09'),(10065,7,1,3,'2021-01-18'),(10065,8,1,5,'2021-01-22'),
(10066,1,1,4,'2021-01-15'),(10066,4,1,3,'2021-01-10'),(10066,5,1,5,'2021-01-07'),(10066,6,1,5,'2021-01-09'),(10066,7,1,4,'2021-01-18'),(10066,8,1,4,'2021-01-22'),
(10067,1,1,3,'2021-01-16'),(10067,4,1,4,'2021-01-10'),(10067,5,1,4,'2021-01-08'),(10067,6,1,4,'2021-01-10'),(10067,7,1,3,'2021-01-19'),(10067,8,1,2,'2021-01-23'),
(10068,1,1,4,'2021-01-16'),(10068,4,1,3,'2021-01-10'),(10068,5,1,2,'2021-01-08'),(10068,6,1,5,'2021-01-10'),(10068,7,1,5,'2021-01-19'),(10068,8,1,4,'2021-01-24'),
(10069,1,1,3,'2021-01-17'),(10069,4,1,5,'2021-01-11'),(10069,5,1,4,'2021-01-08'),(10069,6,1,4,'2021-01-10'),(10069,7,1,3,'2021-01-20'),(10069,8,1,3,'2021-01-24'),
(10070,1,1,5,'2021-01-17'),(10070,4,1,3,'2021-01-11'),(10070,5,1,3,'2021-01-08'),(10070,6,1,5,'2021-01-10'),(10070,7,1,5,'2021-01-20'),(10070,8,1,5,'2021-01-25');
GO

-- ---------- Semester 2 subjects ----------
-- Subjects: 1(exam),4(credit),5(credit),9(exam),10(exam),14(exam)
-- Students who passed sem 2: 10001-10060 (current_semester >= 3)

INSERT INTO [dbo].[Certification_result] VALUES
                                             (10001,1,2,3,'2021-06-10'),(10001,4,2,5,'2021-06-06'),(10001,5,2,4,'2021-06-05'),(10001,9,2,5,'2021-06-12'),(10001,10,2,5,'2021-06-14'),(10001,14,2,3,'2021-06-16'),
                                             (10002,1,2,5,'2021-06-10'),(10002,4,2,3,'2021-06-06'),(10002,5,2,3,'2021-06-05'),(10002,9,2,4,'2021-06-12'),(10002,10,2,4,'2021-06-14'),(10002,14,2,5,'2021-06-17'),
                                             (10003,1,2,3,'2021-06-11'),(10003,4,2,5,'2021-06-07'),(10003,5,2,4,'2021-06-05'),(10003,9,2,2,'2021-06-13'),(10003,10,2,5,'2021-06-15'),(10003,14,2,3,'2021-06-17'),
                                             (10004,1,2,5,'2021-06-11'),(10004,4,2,4,'2021-06-07'),(10004,5,2,3,'2021-06-05'),(10004,9,2,4,'2021-06-13'),(10004,10,2,4,'2021-06-15'),(10004,14,2,5,'2021-06-18'),
                                             (10005,1,2,4,'2021-06-12'),(10005,4,2,5,'2021-06-07'),(10005,5,2,5,'2021-06-06'),(10005,9,2,3,'2021-06-14'),(10005,10,2,5,'2021-06-16'),(10005,14,2,4,'2021-06-18'),
                                             (10006,1,2,5,'2021-06-12'),(10006,4,2,4,'2021-06-08'),(10006,5,2,3,'2021-06-06'),(10006,9,2,5,'2021-06-14'),(10006,10,2,4,'2021-06-16'),(10006,14,2,5,'2021-06-19'),
                                             (10007,1,2,4,'2021-06-13'),(10007,4,2,5,'2021-06-08'),(10007,5,2,5,'2021-06-06'),(10007,9,2,3,'2021-06-15'),(10007,10,2,3,'2021-06-17'),(10007,14,2,4,'2021-06-19'),
                                             (10008,1,2,5,'2021-06-13'),(10008,4,2,4,'2021-06-08'),(10008,5,2,4,'2021-06-06'),(10008,9,2,5,'2021-06-15'),(10008,10,2,4,'2021-06-17'),(10008,14,2,2,'2021-06-20'),
                                             (10009,1,2,4,'2021-06-14'),(10009,4,2,3,'2021-06-09'),(10009,5,2,5,'2021-06-07'),(10009,9,2,4,'2021-06-16'),(10009,10,2,3,'2021-06-18'),(10009,14,2,4,'2021-06-20'),
                                             (10010,1,2,3,'2021-06-14'),(10010,4,2,4,'2021-06-09'),(10010,5,2,4,'2021-06-07'),(10010,9,2,5,'2021-06-16'),(10010,10,2,5,'2021-06-18'),(10010,14,2,3,'2021-06-21'),
                                             (10011,1,2,4,'2021-06-10'),(10011,4,2,3,'2021-06-06'),(10011,5,2,2,'2021-06-05'),(10011,9,2,4,'2021-06-12'),(10011,10,2,3,'2021-06-14'),(10011,14,2,5,'2021-06-16'),
                                             (10012,1,2,3,'2021-06-11'),(10012,4,2,5,'2021-06-07'),(10012,5,2,4,'2021-06-05'),(10012,9,2,5,'2021-06-13'),(10012,10,2,5,'2021-06-15'),(10012,14,2,3,'2021-06-17'),
                                             (10013,1,2,5,'2021-06-11'),(10013,4,2,3,'2021-06-07'),(10013,5,2,3,'2021-06-06'),(10013,9,2,4,'2021-06-13'),(10013,10,2,4,'2021-06-15'),(10013,14,2,5,'2021-06-18'),
                                             (10014,1,2,3,'2021-06-12'),(10014,4,2,5,'2021-06-07'),(10014,5,2,5,'2021-06-06'),(10014,9,2,3,'2021-06-14'),(10014,10,2,5,'2021-06-16'),(10014,14,2,4,'2021-06-18'),
                                             (10015,1,2,5,'2021-06-12'),(10015,4,2,4,'2021-06-08'),(10015,5,2,3,'2021-06-06'),(10015,9,2,4,'2021-06-14'),(10015,10,2,4,'2021-06-16'),(10015,14,2,5,'2021-06-19'),
                                             (10016,1,2,4,'2021-06-13'),(10016,4,2,5,'2021-06-08'),(10016,5,2,5,'2021-06-06'),(10016,9,2,3,'2021-06-15'),(10016,10,2,2,'2021-06-17'),(10016,14,2,4,'2021-06-20'),
                                             (10017,1,2,5,'2021-06-13'),(10017,4,2,4,'2021-06-08'),(10017,5,2,4,'2021-06-07'),(10017,9,2,5,'2021-06-15'),(10017,10,2,4,'2021-06-17'),(10017,14,2,5,'2021-06-20'),
                                             (10018,1,2,4,'2021-06-14'),(10018,4,2,2,'2021-06-09'),(10018,5,2,5,'2021-06-07'),(10018,9,2,3,'2021-06-16'),(10018,10,2,3,'2021-06-18'),(10018,14,2,4,'2021-06-21'),
                                             (10019,1,2,2,'2021-06-14'),(10019,4,2,4,'2021-06-09'),(10019,5,2,4,'2021-06-07'),(10019,9,2,5,'2021-06-16'),(10019,10,2,5,'2021-06-18'),(10019,14,2,3,'2021-06-21'),
                                             (10020,1,2,4,'2021-06-15'),(10020,4,2,3,'2021-06-09'),(10020,5,2,5,'2021-06-07'),(10020,9,2,4,'2021-06-17'),(10020,10,2,3,'2021-06-19'),(10020,14,2,4,'2021-06-22'),
                                             (10021,1,2,3,'2021-06-10'),(10021,4,2,5,'2021-06-06'),(10021,5,2,4,'2021-06-05'),(10021,9,2,5,'2021-06-12'),(10021,10,2,5,'2021-06-14'),(10021,14,2,3,'2021-06-16'),
                                             (10022,1,2,5,'2021-06-11'),(10022,4,2,3,'2021-06-07'),(10022,5,2,3,'2021-06-05'),(10022,9,2,4,'2021-06-13'),(10022,10,2,4,'2021-06-15'),(10022,14,2,5,'2021-06-17'),
                                             (10023,1,2,3,'2021-06-11'),(10023,4,2,5,'2021-06-07'),(10023,5,2,4,'2021-06-06'),(10023,9,2,2,'2021-06-13'),(10023,10,2,5,'2021-06-15'),(10023,14,2,3,'2021-06-18'),
                                             (10024,1,2,5,'2021-06-12'),(10024,4,2,4,'2021-06-07'),(10024,5,2,3,'2021-06-06'),(10024,9,2,4,'2021-06-14'),(10024,10,2,4,'2021-06-16'),(10024,14,2,5,'2021-06-18'),
                                             (10025,1,2,4,'2021-06-12'),(10025,4,2,5,'2021-06-08'),(10025,5,2,5,'2021-06-06'),(10025,9,2,3,'2021-06-14'),(10025,10,2,5,'2021-06-16'),(10025,14,2,4,'2021-06-19'),
                                             (10026,1,2,5,'2021-06-13'),(10026,4,2,4,'2021-06-08'),(10026,5,2,3,'2021-06-06'),(10026,9,2,5,'2021-06-15'),(10026,10,2,4,'2021-06-17'),(10026,14,2,5,'2021-06-20'),
                                             (10027,1,2,4,'2021-06-13'),(10027,4,2,5,'2021-06-08'),(10027,5,2,5,'2021-06-07'),(10027,9,2,3,'2021-06-15'),(10027,10,2,3,'2021-06-17'),(10027,14,2,4,'2021-06-20'),
                                             (10028,1,2,5,'2021-06-14'),(10028,4,2,4,'2021-06-09'),(10028,5,2,4,'2021-06-07'),(10028,9,2,5,'2021-06-16'),(10028,10,2,4,'2021-06-18'),(10028,14,2,2,'2021-06-21'),
                                             (10029,1,2,4,'2021-06-14'),(10029,4,2,3,'2021-06-09'),(10029,5,2,5,'2021-06-07'),(10029,9,2,4,'2021-06-16'),(10029,10,2,3,'2021-06-18'),(10029,14,2,4,'2021-06-21'),
                                             (10030,1,2,3,'2021-06-15'),(10030,4,2,4,'2021-06-09'),(10030,5,2,4,'2021-06-07'),(10030,9,2,5,'2021-06-17'),(10030,10,2,5,'2021-06-19'),(10030,14,2,3,'2021-06-22'),
                                             (10031,1,2,4,'2021-06-10'),(10031,4,2,3,'2021-06-06'),(10031,5,2,2,'2021-06-05'),(10031,9,2,4,'2021-06-12'),(10031,10,2,3,'2021-06-14'),(10031,14,2,5,'2021-06-16'),
                                             (10032,1,2,3,'2021-06-11'),(10032,4,2,5,'2021-06-07'),(10032,5,2,4,'2021-06-05'),(10032,9,2,5,'2021-06-13'),(10032,10,2,5,'2021-06-15'),(10032,14,2,3,'2021-06-17'),
                                             (10033,1,2,5,'2021-06-11'),(10033,4,2,3,'2021-06-07'),(10033,5,2,3,'2021-06-06'),(10033,9,2,4,'2021-06-13'),(10033,10,2,4,'2021-06-15'),(10033,14,2,5,'2021-06-18'),
                                             (10034,1,2,3,'2021-06-12'),(10034,4,2,5,'2021-06-07'),(10034,5,2,5,'2021-06-06'),(10034,9,2,3,'2021-06-14'),(10034,10,2,5,'2021-06-16'),(10034,14,2,4,'2021-06-18'),
                                             (10035,1,2,5,'2021-06-12'),(10035,4,2,4,'2021-06-08'),(10035,5,2,3,'2021-06-06'),(10035,9,2,4,'2021-06-14'),(10035,10,2,4,'2021-06-16'),(10035,14,2,5,'2021-06-19'),
                                             (10036,1,2,4,'2021-06-13'),(10036,4,2,5,'2021-06-08'),(10036,5,2,5,'2021-06-06'),(10036,9,2,3,'2021-06-15'),(10036,10,2,2,'2021-06-17'),(10036,14,2,4,'2021-06-20'),
                                             (10037,1,2,5,'2021-06-13'),(10037,4,2,4,'2021-06-08'),(10037,5,2,4,'2021-06-07'),(10037,9,2,5,'2021-06-15'),(10037,10,2,4,'2021-06-17'),(10037,14,2,5,'2021-06-20'),
                                             (10038,1,2,4,'2021-06-14'),(10038,4,2,2,'2021-06-09'),(10038,5,2,5,'2021-06-07'),(10038,9,2,3,'2021-06-16'),(10038,10,2,3,'2021-06-18'),(10038,14,2,4,'2021-06-21'),
                                             (10039,1,2,2,'2021-06-14'),(10039,4,2,4,'2021-06-09'),(10039,5,2,4,'2021-06-07'),(10039,9,2,5,'2021-06-16'),(10039,10,2,5,'2021-06-18'),(10039,14,2,3,'2021-06-21'),
                                             (10040,1,2,4,'2021-06-15'),(10040,4,2,3,'2021-06-09'),(10040,5,2,5,'2021-06-07'),(10040,9,2,4,'2021-06-17'),(10040,10,2,3,'2021-06-19'),(10040,14,2,4,'2021-06-22'),
                                             (10041,1,2,3,'2021-06-10'),(10041,4,2,5,'2021-06-06'),(10041,5,2,4,'2021-06-05'),(10041,9,2,5,'2021-06-12'),(10041,10,2,5,'2021-06-14'),(10041,14,2,3,'2021-06-16'),
                                             (10042,1,2,5,'2021-06-11'),(10042,4,2,3,'2021-06-07'),(10042,5,2,3,'2021-06-05'),(10042,9,2,4,'2021-06-13'),(10042,10,2,4,'2021-06-15'),(10042,14,2,5,'2021-06-17'),
                                             (10043,1,2,3,'2021-06-11'),(10043,4,2,5,'2021-06-07'),(10043,5,2,4,'2021-06-06'),(10043,9,2,2,'2021-06-13'),(10043,10,2,5,'2021-06-15'),(10043,14,2,3,'2021-06-18'),
                                             (10044,1,2,5,'2021-06-12'),(10044,4,2,4,'2021-06-07'),(10044,5,2,3,'2021-06-06'),(10044,9,2,4,'2021-06-14'),(10044,10,2,4,'2021-06-16'),(10044,14,2,5,'2021-06-18'),
                                             (10045,1,2,4,'2021-06-12'),(10045,4,2,5,'2021-06-08'),(10045,5,2,5,'2021-06-06'),(10045,9,2,3,'2021-06-14'),(10045,10,2,5,'2021-06-16'),(10045,14,2,4,'2021-06-19'),
                                             (10046,1,2,5,'2021-06-13'),(10046,4,2,4,'2021-06-08'),(10046,5,2,3,'2021-06-06'),(10046,9,2,5,'2021-06-15'),(10046,10,2,4,'2021-06-17'),(10046,14,2,5,'2021-06-20'),
                                             (10047,1,2,4,'2021-06-13'),(10047,4,2,5,'2021-06-08'),(10047,5,2,5,'2021-06-07'),(10047,9,2,3,'2021-06-15'),(10047,10,2,3,'2021-06-17'),(10047,14,2,4,'2021-06-20'),
                                             (10048,1,2,5,'2021-06-14'),(10048,4,2,4,'2021-06-09'),(10048,5,2,4,'2021-06-07'),(10048,9,2,5,'2021-06-16'),(10048,10,2,4,'2021-06-18'),(10048,14,2,2,'2021-06-21'),
                                             (10049,1,2,4,'2021-06-14'),(10049,4,2,3,'2021-06-09'),(10049,5,2,5,'2021-06-07'),(10049,9,2,4,'2021-06-16'),(10049,10,2,3,'2021-06-18'),(10049,14,2,4,'2021-06-21'),
                                             (10050,1,2,3,'2021-06-15'),(10050,4,2,4,'2021-06-09'),(10050,5,2,4,'2021-06-07'),(10050,9,2,5,'2021-06-17'),(10050,10,2,5,'2021-06-19'),(10050,14,2,3,'2021-06-22'),
                                             (10051,1,2,4,'2021-06-10'),(10051,4,2,3,'2021-06-06'),(10051,5,2,2,'2021-06-05'),(10051,9,2,4,'2021-06-12'),(10051,10,2,3,'2021-06-14'),(10051,14,2,5,'2021-06-16'),
                                             (10052,1,2,3,'2021-06-11'),(10052,4,2,5,'2021-06-07'),(10052,5,2,4,'2021-06-05'),(10052,9,2,5,'2021-06-13'),(10052,10,2,5,'2021-06-15'),(10052,14,2,3,'2021-06-17'),
                                             (10053,1,2,5,'2021-06-11'),(10053,4,2,3,'2021-06-07'),(10053,5,2,3,'2021-06-06'),(10053,9,2,4,'2021-06-13'),(10053,10,2,4,'2021-06-15'),(10053,14,2,5,'2021-06-18'),
                                             (10054,1,2,3,'2021-06-12'),(10054,4,2,5,'2021-06-07'),(10054,5,2,5,'2021-06-06'),(10054,9,2,3,'2021-06-14'),(10054,10,2,5,'2021-06-16'),(10054,14,2,4,'2021-06-18'),
                                             (10055,1,2,5,'2021-06-12'),(10055,4,2,4,'2021-06-08'),(10055,5,2,3,'2021-06-06'),(10055,9,2,4,'2021-06-14'),(10055,10,2,4,'2021-06-16'),(10055,14,2,5,'2021-06-19'),
                                             (10056,1,2,4,'2021-06-13'),(10056,4,2,5,'2021-06-08'),(10056,5,2,5,'2021-06-06'),(10056,9,2,3,'2021-06-15'),(10056,10,2,2,'2021-06-17'),(10056,14,2,4,'2021-06-20'),
                                             (10057,1,2,5,'2021-06-13'),(10057,4,2,4,'2021-06-08'),(10057,5,2,4,'2021-06-07'),(10057,9,2,5,'2021-06-15'),(10057,10,2,4,'2021-06-17'),(10057,14,2,5,'2021-06-20'),
                                             (10058,1,2,4,'2021-06-14'),(10058,4,2,2,'2021-06-09'),(10058,5,2,5,'2021-06-07'),(10058,9,2,3,'2021-06-16'),(10058,10,2,3,'2021-06-18'),(10058,14,2,4,'2021-06-21'),
                                             (10059,1,2,2,'2021-06-14'),(10059,4,2,4,'2021-06-09'),(10059,5,2,4,'2021-06-07'),(10059,9,2,5,'2021-06-16'),(10059,10,2,5,'2021-06-18'),(10059,14,2,3,'2021-06-21'),
                                             (10060,1,2,4,'2021-06-15'),(10060,4,2,3,'2021-06-09'),(10060,5,2,5,'2021-06-07'),(10060,9,2,4,'2021-06-17'),(10060,10,2,3,'2021-06-19'),(10060,14,2,4,'2021-06-22');
GO

-- ---------- Semester 3 subjects ----------
-- Subjects: 2(exam),4(credit),5(credit),10(exam),11(credit),13(exam),19(exam)
-- Students who passed sem 3: 10001-10050

INSERT INTO [dbo].[Certification_result] VALUES
                                             (10001,2,3,4,'2022-01-10'),(10001,4,3,2,'2022-01-06'),(10001,5,3,5,'2022-01-05'),(10001,10,3,3,'2022-01-12'),(10001,11,3,5,'2022-01-07'),(10001,13,3,5,'2022-01-14'),(10001,19,3,5,'2022-01-16'),
                                             (10002,2,3,5,'2022-01-10'),(10002,4,3,4,'2022-01-06'),(10002,5,3,4,'2022-01-05'),(10002,10,3,5,'2022-01-12'),(10002,11,3,4,'2022-01-07'),(10002,13,3,3,'2022-01-15'),(10002,19,3,4,'2022-01-17'),
                                             (10003,2,3,4,'2022-01-11'),(10003,4,3,3,'2022-01-07'),(10003,5,3,5,'2022-01-05'),(10003,10,3,3,'2022-01-13'),(10003,11,3,3,'2022-01-08'),(10003,13,3,5,'2022-01-15'),(10003,19,3,5,'2022-01-17'),
                                             (10004,2,3,5,'2022-01-11'),(10004,4,3,5,'2022-01-07'),(10004,5,3,4,'2022-01-06'),(10004,10,3,5,'2022-01-13'),(10004,11,3,4,'2022-01-08'),(10004,13,3,4,'2022-01-16'),(10004,19,3,4,'2022-01-18'),
                                             (10005,2,3,4,'2022-01-12'),(10005,4,3,3,'2022-01-07'),(10005,5,3,3,'2022-01-06'),(10005,10,3,4,'2022-01-14'),(10005,11,3,3,'2022-01-08'),(10005,13,3,5,'2022-01-16'),(10005,19,3,5,'2022-01-18'),
                                             (10006,2,3,3,'2022-01-12'),(10006,4,3,5,'2022-01-08'),(10006,5,3,4,'2022-01-06'),(10006,10,3,5,'2022-01-14'),(10006,11,3,5,'2022-01-09'),(10006,13,3,4,'2022-01-17'),(10006,19,3,4,'2022-01-19'),
                                             (10007,2,3,4,'2022-01-13'),(10007,4,3,4,'2022-01-08'),(10007,5,3,3,'2022-01-06'),(10007,10,3,4,'2022-01-15'),(10007,11,3,3,'2022-01-09'),(10007,13,3,5,'2022-01-17'),(10007,19,3,3,'2022-01-19'),
                                             (10008,2,3,3,'2022-01-13'),(10008,4,3,5,'2022-01-08'),(10008,5,3,5,'2022-01-07'),(10008,10,3,5,'2022-01-15'),(10008,11,3,5,'2022-01-09'),(10008,13,3,4,'2022-01-18'),(10008,19,3,4,'2022-01-20'),
                                             (10009,2,3,5,'2022-01-14'),(10009,4,3,4,'2022-01-09'),(10009,5,3,3,'2022-01-07'),(10009,10,3,4,'2022-01-16'),(10009,11,3,4,'2022-01-10'),(10009,13,3,3,'2022-01-18'),(10009,19,3,3,'2022-01-20'),
                                             (10010,2,3,3,'2022-01-14'),(10010,4,3,5,'2022-01-09'),(10010,5,3,5,'2022-01-07'),(10010,10,3,3,'2022-01-16'),(10010,11,3,5,'2022-01-10'),(10010,13,3,4,'2022-01-19'),(10010,19,3,5,'2022-01-21'),
                                             (10011,2,3,5,'2022-01-10'),(10011,4,3,4,'2022-01-06'),(10011,5,3,4,'2022-01-05'),(10011,10,3,4,'2022-01-12'),(10011,11,3,4,'2022-01-07'),(10011,13,3,3,'2022-01-14'),(10011,19,3,3,'2022-01-16'),
                                             (10012,2,3,4,'2022-01-11'),(10012,4,3,3,'2022-01-07'),(10012,5,3,5,'2022-01-05'),(10012,10,3,3,'2022-01-13'),(10012,11,3,2,'2022-01-08'),(10012,13,3,5,'2022-01-15'),(10012,19,3,5,'2022-01-17'),
                                             (10013,2,3,5,'2022-01-11'),(10013,4,3,4,'2022-01-07'),(10013,5,3,4,'2022-01-06'),(10013,10,3,5,'2022-01-13'),(10013,11,3,4,'2022-01-08'),(10013,13,3,3,'2022-01-15'),(10013,19,3,4,'2022-01-17'),
                                             (10014,2,3,4,'2022-01-12'),(10014,4,3,3,'2022-01-07'),(10014,5,3,2,'2022-01-06'),(10014,10,3,3,'2022-01-14'),(10014,11,3,3,'2022-01-08'),(10014,13,3,5,'2022-01-16'),(10014,19,3,5,'2022-01-18'),
                                             (10015,2,3,2,'2022-01-12'),(10015,4,3,5,'2022-01-08'),(10015,5,3,4,'2022-01-06'),(10015,10,3,5,'2022-01-14'),(10015,11,3,5,'2022-01-09'),(10015,13,3,4,'2022-01-16'),(10015,19,3,4,'2022-01-18'),
                                             (10016,2,3,4,'2022-01-13'),(10016,4,3,3,'2022-01-08'),(10016,5,3,3,'2022-01-06'),(10016,10,3,4,'2022-01-15'),(10016,11,3,3,'2022-01-09'),(10016,13,3,5,'2022-01-17'),(10016,19,3,2,'2022-01-19'),
                                             (10017,2,3,3,'2022-01-13'),(10017,4,3,5,'2022-01-08'),(10017,5,3,5,'2022-01-07'),(10017,10,3,5,'2022-01-15'),(10017,11,3,5,'2022-01-09'),(10017,13,3,4,'2022-01-17'),(10017,19,3,4,'2022-01-19'),
                                             (10018,2,3,5,'2022-01-14'),(10018,4,3,4,'2022-01-09'),(10018,5,3,3,'2022-01-07'),(10018,10,3,4,'2022-01-16'),(10018,11,3,4,'2022-01-10'),(10018,13,3,2,'2022-01-18'),(10018,19,3,3,'2022-01-20'),
                                             (10019,2,3,3,'2022-01-14'),(10019,4,3,5,'2022-01-09'),(10019,5,3,5,'2022-01-07'),(10019,10,3,2,'2022-01-16'),(10019,11,3,5,'2022-01-10'),(10019,13,3,4,'2022-01-18'),(10019,19,3,5,'2022-01-20'),
                                             (10020,2,3,5,'2022-01-15'),(10020,4,3,4,'2022-01-09'),(10020,5,3,4,'2022-01-07'),(10020,10,3,4,'2022-01-17'),(10020,11,3,4,'2022-01-10'),(10020,13,3,3,'2022-01-19'),(10020,19,3,3,'2022-01-21'),
                                             (10021,2,3,4,'2022-01-10'),(10021,4,3,2,'2022-01-06'),(10021,5,3,5,'2022-01-05'),(10021,10,3,3,'2022-01-12'),(10021,11,3,5,'2022-01-07'),(10021,13,3,5,'2022-01-14'),(10021,19,3,5,'2022-01-16'),
                                             (10022,2,3,5,'2022-01-11'),(10022,4,3,4,'2022-01-07'),(10022,5,3,4,'2022-01-05'),(10022,10,3,5,'2022-01-13'),(10022,11,3,4,'2022-01-08'),(10022,13,3,3,'2022-01-15'),(10022,19,3,4,'2022-01-17'),
                                             (10023,2,3,4,'2022-01-11'),(10023,4,3,3,'2022-01-07'),(10023,5,3,5,'2022-01-06'),(10023,10,3,3,'2022-01-13'),(10023,11,3,3,'2022-01-08'),(10023,13,3,5,'2022-01-15'),(10023,19,3,5,'2022-01-17'),
                                             (10024,2,3,5,'2022-01-12'),(10024,4,3,5,'2022-01-07'),(10024,5,3,4,'2022-01-06'),(10024,10,3,5,'2022-01-14'),(10024,11,3,4,'2022-01-08'),(10024,13,3,4,'2022-01-16'),(10024,19,3,4,'2022-01-18'),
                                             (10025,2,3,4,'2022-01-12'),(10025,4,3,3,'2022-01-08'),(10025,5,3,3,'2022-01-06'),(10025,10,3,4,'2022-01-14'),(10025,11,3,3,'2022-01-09'),(10025,13,3,5,'2022-01-16'),(10025,19,3,5,'2022-01-18'),
                                             (10026,2,3,3,'2022-01-13'),(10026,4,3,5,'2022-01-08'),(10026,5,3,4,'2022-01-06'),(10026,10,3,5,'2022-01-15'),(10026,11,3,5,'2022-01-09'),(10026,13,3,4,'2022-01-17'),(10026,19,3,4,'2022-01-19'),
                                             (10027,2,3,4,'2022-01-13'),(10027,4,3,4,'2022-01-08'),(10027,5,3,3,'2022-01-07'),(10027,10,3,4,'2022-01-15'),(10027,11,3,3,'2022-01-09'),(10027,13,3,5,'2022-01-17'),(10027,19,3,3,'2022-01-19'),
                                             (10028,2,3,3,'2022-01-14'),(10028,4,3,5,'2022-01-09'),(10028,5,3,5,'2022-01-07'),(10028,10,3,5,'2022-01-16'),(10028,11,3,5,'2022-01-10'),(10028,13,3,4,'2022-01-18'),(10028,19,3,4,'2022-01-20'),
                                             (10029,2,3,5,'2022-01-14'),(10029,4,3,4,'2022-01-09'),(10029,5,3,3,'2022-01-07'),(10029,10,3,4,'2022-01-16'),(10029,11,3,4,'2022-01-10'),(10029,13,3,3,'2022-01-18'),(10029,19,3,3,'2022-01-20'),
                                             (10030,2,3,3,'2022-01-15'),(10030,4,3,5,'2022-01-09'),(10030,5,3,5,'2022-01-07'),(10030,10,3,3,'2022-01-17'),(10030,11,3,5,'2022-01-10'),(10030,13,3,4,'2022-01-19'),(10030,19,3,5,'2022-01-21'),
                                             (10031,2,3,5,'2022-01-10'),(10031,4,3,4,'2022-01-06'),(10031,5,3,4,'2022-01-05'),(10031,10,3,4,'2022-01-12'),(10031,11,3,4,'2022-01-07'),(10031,13,3,3,'2022-01-14'),(10031,19,3,3,'2022-01-16'),
                                             (10032,2,3,4,'2022-01-11'),(10032,4,3,3,'2022-01-07'),(10032,5,3,5,'2022-01-05'),(10032,10,3,3,'2022-01-13'),(10032,11,3,2,'2022-01-08'),(10032,13,3,5,'2022-01-15'),(10032,19,3,5,'2022-01-17'),
                                             (10033,2,3,5,'2022-01-11'),(10033,4,3,4,'2022-01-07'),(10033,5,3,4,'2022-01-06'),(10033,10,3,5,'2022-01-13'),(10033,11,3,4,'2022-01-08'),(10033,13,3,3,'2022-01-15'),(10033,19,3,4,'2022-01-17'),
                                             (10034,2,3,4,'2022-01-12'),(10034,4,3,3,'2022-01-07'),(10034,5,3,2,'2022-01-06'),(10034,10,3,3,'2022-01-14'),(10034,11,3,3,'2022-01-08'),(10034,13,3,5,'2022-01-16'),(10034,19,3,5,'2022-01-18'),
                                             (10035,2,3,2,'2022-01-12'),(10035,4,3,5,'2022-01-08'),(10035,5,3,4,'2022-01-06'),(10035,10,3,5,'2022-01-14'),(10035,11,3,5,'2022-01-09'),(10035,13,3,4,'2022-01-16'),(10035,19,3,4,'2022-01-18'),
                                             (10036,2,3,4,'2022-01-13'),(10036,4,3,3,'2022-01-08'),(10036,5,3,3,'2022-01-06'),(10036,10,3,4,'2022-01-15'),(10036,11,3,3,'2022-01-09'),(10036,13,3,5,'2022-01-17'),(10036,19,3,2,'2022-01-19'),
                                             (10037,2,3,3,'2022-01-13'),(10037,4,3,5,'2022-01-08'),(10037,5,3,5,'2022-01-07'),(10037,10,3,5,'2022-01-15'),(10037,11,3,5,'2022-01-09'),(10037,13,3,4,'2022-01-17'),(10037,19,3,4,'2022-01-19'),
                                             (10038,2,3,5,'2022-01-14'),(10038,4,3,4,'2022-01-09'),(10038,5,3,3,'2022-01-07'),(10038,10,3,4,'2022-01-16'),(10038,11,3,4,'2022-01-10'),(10038,13,3,2,'2022-01-18'),(10038,19,3,3,'2022-01-20'),
                                             (10039,2,3,3,'2022-01-14'),(10039,4,3,5,'2022-01-09'),(10039,5,3,5,'2022-01-07'),(10039,10,3,2,'2022-01-16'),(10039,11,3,5,'2022-01-10'),(10039,13,3,4,'2022-01-18'),(10039,19,3,5,'2022-01-20'),
                                             (10040,2,3,5,'2022-01-15'),(10040,4,3,4,'2022-01-09'),(10040,5,3,4,'2022-01-07'),(10040,10,3,4,'2022-01-17'),(10040,11,3,4,'2022-01-10'),(10040,13,3,3,'2022-01-19'),(10040,19,3,3,'2022-01-21'),
                                             (10041,2,3,4,'2022-01-10'),(10041,4,3,2,'2022-01-06'),(10041,5,3,5,'2022-01-05'),(10041,10,3,3,'2022-01-12'),(10041,11,3,5,'2022-01-07'),(10041,13,3,5,'2022-01-14'),(10041,19,3,5,'2022-01-16'),
                                             (10042,2,3,5,'2022-01-11'),(10042,4,3,4,'2022-01-07'),(10042,5,3,4,'2022-01-05'),(10042,10,3,5,'2022-01-13'),(10042,11,3,4,'2022-01-08'),(10042,13,3,3,'2022-01-15'),(10042,19,3,4,'2022-01-17'),
                                             (10043,2,3,4,'2022-01-11'),(10043,4,3,3,'2022-01-07'),(10043,5,3,5,'2022-01-06'),(10043,10,3,3,'2022-01-13'),(10043,11,3,3,'2022-01-08'),(10043,13,3,5,'2022-01-15'),(10043,19,3,5,'2022-01-17'),
                                             (10044,2,3,5,'2022-01-12'),(10044,4,3,5,'2022-01-07'),(10044,5,3,4,'2022-01-06'),(10044,10,3,5,'2022-01-14'),(10044,11,3,4,'2022-01-08'),(10044,13,3,4,'2022-01-16'),(10044,19,3,4,'2022-01-18'),
                                             (10045,2,3,4,'2022-01-12'),(10045,4,3,3,'2022-01-08'),(10045,5,3,3,'2022-01-06'),(10045,10,3,4,'2022-01-14'),(10045,11,3,3,'2022-01-09'),(10045,13,3,5,'2022-01-16'),(10045,19,3,5,'2022-01-18'),
                                             (10046,2,3,3,'2022-01-13'),(10046,4,3,5,'2022-01-08'),(10046,5,3,4,'2022-01-06'),(10046,10,3,5,'2022-01-15'),(10046,11,3,5,'2022-01-09'),(10046,13,3,4,'2022-01-17'),(10046,19,3,4,'2022-01-19'),
                                             (10047,2,3,4,'2022-01-13'),(10047,4,3,4,'2022-01-08'),(10047,5,3,3,'2022-01-07'),(10047,10,3,4,'2022-01-15'),(10047,11,3,3,'2022-01-09'),(10047,13,3,5,'2022-01-17'),(10047,19,3,3,'2022-01-19'),
                                             (10048,2,3,3,'2022-01-14'),(10048,4,3,5,'2022-01-09'),(10048,5,3,5,'2022-01-07'),(10048,10,3,5,'2022-01-16'),(10048,11,3,5,'2022-01-10'),(10048,13,3,4,'2022-01-18'),(10048,19,3,4,'2022-01-20'),
                                             (10049,2,3,5,'2022-01-14'),(10049,4,3,4,'2022-01-09'),(10049,5,3,3,'2022-01-07'),(10049,10,3,4,'2022-01-16'),(10049,11,3,4,'2022-01-10'),(10049,13,3,3,'2022-01-18'),(10049,19,3,3,'2022-01-20'),
                                             (10050,2,3,3,'2022-01-15'),(10050,4,3,5,'2022-01-09'),(10050,5,3,5,'2022-01-07'),(10050,10,3,3,'2022-01-17'),(10050,11,3,5,'2022-01-10'),(10050,13,3,4,'2022-01-19'),(10050,19,3,5,'2022-01-21');
GO

-- ---------- Semester 4 subjects ----------
-- Subjects: 2(exam),4(credit),5(credit),12(credit),15(exam),21(exam),22(exam)
-- Students who passed sem 4: 10001-10040

INSERT INTO [dbo].[Certification_result] VALUES
                                             (10001,2,4,5,'2022-06-10'),(10001,4,4,4,'2022-06-06'),(10001,5,4,3,'2022-06-05'),(10001,12,4,3,'2022-06-07'),(10001,15,4,5,'2022-06-12'),(10001,21,4,5,'2022-06-14'),(10001,22,4,5,'2022-06-16'),
                                             (10002,2,4,3,'2022-06-10'),(10002,4,4,5,'2022-06-06'),(10002,5,4,5,'2022-06-05'),(10002,12,4,5,'2022-06-07'),(10002,15,4,3,'2022-06-12'),(10002,21,4,4,'2022-06-14'),(10002,22,4,3,'2022-06-17'),
                                             (10003,2,4,5,'2022-06-11'),(10003,4,4,4,'2022-06-07'),(10003,5,4,4,'2022-06-05'),(10003,12,4,3,'2022-06-08'),(10003,15,4,5,'2022-06-13'),(10003,21,4,5,'2022-06-15'),(10003,22,4,5,'2022-06-17'),
                                             (10004,2,4,4,'2022-06-11'),(10004,4,4,2,'2022-06-07'),(10004,5,4,5,'2022-06-06'),(10004,12,4,5,'2022-06-08'),(10004,15,4,4,'2022-06-13'),(10004,21,4,4,'2022-06-15'),(10004,22,4,4,'2022-06-18'),
                                             (10005,2,4,5,'2022-06-12'),(10005,4,4,4,'2022-06-07'),(10005,5,4,4,'2022-06-06'),(10005,12,4,4,'2022-06-08'),(10005,15,4,5,'2022-06-14'),(10005,21,4,2,'2022-06-16'),(10005,22,4,5,'2022-06-18'),
                                             (10006,2,4,4,'2022-06-12'),(10006,4,4,3,'2022-06-08'),(10006,5,4,5,'2022-06-06'),(10006,12,4,5,'2022-06-09'),(10006,15,4,4,'2022-06-14'),(10006,21,4,4,'2022-06-16'),(10006,22,4,4,'2022-06-19'),
                                             (10007,2,4,5,'2022-06-13'),(10007,4,4,5,'2022-06-08'),(10007,5,4,4,'2022-06-06'),(10007,12,4,4,'2022-06-09'),(10007,15,4,2,'2022-06-15'),(10007,21,4,3,'2022-06-17'),(10007,22,4,5,'2022-06-19'),
                                             (10008,2,4,4,'2022-06-13'),(10008,4,4,3,'2022-06-08'),(10008,5,4,3,'2022-06-07'),(10008,12,4,2,'2022-06-09'),(10008,15,4,4,'2022-06-15'),(10008,21,4,5,'2022-06-17'),(10008,22,4,4,'2022-06-20'),
                                             (10009,2,4,3,'2022-06-14'),(10009,4,4,5,'2022-06-09'),(10009,5,4,4,'2022-06-07'),(10009,12,4,4,'2022-06-10'),(10009,15,4,3,'2022-06-16'),(10009,21,4,3,'2022-06-18'),(10009,22,4,3,'2022-06-20'),
                                             (10010,2,4,4,'2022-06-14'),(10010,4,4,4,'2022-06-09'),(10010,5,4,3,'2022-06-07'),(10010,12,4,3,'2022-06-10'),(10010,15,4,5,'2022-06-16'),(10010,21,4,5,'2022-06-18'),(10010,22,4,4,'2022-06-21'),
                                             (10011,2,4,3,'2022-06-10'),(10011,4,4,5,'2022-06-06'),(10011,5,4,5,'2022-06-05'),(10011,12,4,5,'2022-06-07'),(10011,15,4,3,'2022-06-12'),(10011,21,4,4,'2022-06-14'),(10011,22,4,3,'2022-06-16'),
                                             (10012,2,4,5,'2022-06-11'),(10012,4,4,4,'2022-06-07'),(10012,5,4,3,'2022-06-05'),(10012,12,4,3,'2022-06-08'),(10012,15,4,5,'2022-06-13'),(10012,21,4,5,'2022-06-15'),(10012,22,4,5,'2022-06-17'),
                                             (10013,2,4,3,'2022-06-11'),(10013,4,4,5,'2022-06-07'),(10013,5,4,5,'2022-06-06'),(10013,12,4,5,'2022-06-08'),(10013,15,4,4,'2022-06-13'),(10013,21,4,4,'2022-06-15'),(10013,22,4,3,'2022-06-17'),
                                             (10014,2,4,5,'2022-06-12'),(10014,4,4,4,'2022-06-07'),(10014,5,4,4,'2022-06-06'),(10014,12,4,4,'2022-06-08'),(10014,15,4,5,'2022-06-14'),(10014,21,4,5,'2022-06-16'),(10014,22,4,5,'2022-06-18'),
                                             (10015,2,4,4,'2022-06-12'),(10015,4,4,3,'2022-06-08'),(10015,5,4,5,'2022-06-06'),(10015,12,4,5,'2022-06-09'),(10015,15,4,4,'2022-06-14'),(10015,21,4,4,'2022-06-16'),(10015,22,4,4,'2022-06-18'),
                                             (10016,2,4,5,'2022-06-13'),(10016,4,4,4,'2022-06-08'),(10016,5,4,4,'2022-06-06'),(10016,12,4,4,'2022-06-09'),(10016,15,4,5,'2022-06-15'),(10016,21,4,3,'2022-06-17'),(10016,22,4,5,'2022-06-19'),
                                             (10017,2,4,4,'2022-06-13'),(10017,4,4,3,'2022-06-08'),(10017,5,4,2,'2022-06-07'),(10017,12,4,5,'2022-06-09'),(10017,15,4,4,'2022-06-15'),(10017,21,4,4,'2022-06-17'),(10017,22,4,4,'2022-06-19'),
                                             (10018,2,4,2,'2022-06-14'),(10018,4,4,5,'2022-06-09'),(10018,5,4,4,'2022-06-07'),(10018,12,4,4,'2022-06-10'),(10018,15,4,3,'2022-06-16'),(10018,21,4,3,'2022-06-18'),(10018,22,4,2,'2022-06-20'),
                                             (10019,2,4,4,'2022-06-14'),(10019,4,4,3,'2022-06-09'),(10019,5,4,3,'2022-06-07'),(10019,12,4,3,'2022-06-10'),(10019,15,4,4,'2022-06-16'),(10019,21,4,5,'2022-06-18'),(10019,22,4,4,'2022-06-20'),
                                             (10020,2,4,3,'2022-06-15'),(10020,4,4,5,'2022-06-09'),(10020,5,4,5,'2022-06-07'),(10020,12,4,4,'2022-06-10'),(10020,15,4,3,'2022-06-17'),(10020,21,4,3,'2022-06-19'),(10020,22,4,3,'2022-06-21'),
                                             (10021,2,4,5,'2022-06-10'),(10021,4,4,4,'2022-06-06'),(10021,5,4,3,'2022-06-05'),(10021,12,4,3,'2022-06-07'),(10021,15,4,5,'2022-06-12'),(10021,21,4,5,'2022-06-14'),(10021,22,4,5,'2022-06-16'),
                                             (10022,2,4,3,'2022-06-11'),(10022,4,4,5,'2022-06-07'),(10022,5,4,5,'2022-06-05'),(10022,12,4,5,'2022-06-08'),(10022,15,4,3,'2022-06-13'),(10022,21,4,4,'2022-06-15'),(10022,22,4,3,'2022-06-17'),
                                             (10023,2,4,5,'2022-06-11'),(10023,4,4,4,'2022-06-07'),(10023,5,4,4,'2022-06-06'),(10023,12,4,3,'2022-06-08'),(10023,15,4,5,'2022-06-13'),(10023,21,4,5,'2022-06-15'),(10023,22,4,5,'2022-06-17'),
                                             (10024,2,4,4,'2022-06-12'),(10024,4,4,2,'2022-06-07'),(10024,5,4,5,'2022-06-06'),(10024,12,4,5,'2022-06-08'),(10024,15,4,4,'2022-06-14'),(10024,21,4,4,'2022-06-16'),(10024,22,4,4,'2022-06-18'),
                                             (10025,2,4,5,'2022-06-12'),(10025,4,4,4,'2022-06-08'),(10025,5,4,4,'2022-06-06'),(10025,12,4,4,'2022-06-09'),(10025,15,4,5,'2022-06-14'),(10025,21,4,2,'2022-06-16'),(10025,22,4,5,'2022-06-18'),
                                             (10026,2,4,4,'2022-06-13'),(10026,4,4,3,'2022-06-08'),(10026,5,4,5,'2022-06-06'),(10026,12,4,5,'2022-06-09'),(10026,15,4,4,'2022-06-15'),(10026,21,4,4,'2022-06-17'),(10026,22,4,4,'2022-06-19'),
                                             (10027,2,4,5,'2022-06-13'),(10027,4,4,5,'2022-06-08'),(10027,5,4,4,'2022-06-07'),(10027,12,4,4,'2022-06-09'),(10027,15,4,2,'2022-06-15'),(10027,21,4,3,'2022-06-17'),(10027,22,4,5,'2022-06-19'),
                                             (10028,2,4,4,'2022-06-14'),(10028,4,4,3,'2022-06-09'),(10028,5,4,3,'2022-06-07'),(10028,12,4,2,'2022-06-10'),(10028,15,4,4,'2022-06-16'),(10028,21,4,5,'2022-06-18'),(10028,22,4,4,'2022-06-20'),
                                             (10029,2,4,3,'2022-06-14'),(10029,4,4,5,'2022-06-09'),(10029,5,4,4,'2022-06-07'),(10029,12,4,4,'2022-06-10'),(10029,15,4,3,'2022-06-16'),(10029,21,4,3,'2022-06-18'),(10029,22,4,3,'2022-06-20'),
                                             (10030,2,4,4,'2022-06-15'),(10030,4,4,4,'2022-06-09'),(10030,5,4,3,'2022-06-07'),(10030,12,4,3,'2022-06-10'),(10030,15,4,5,'2022-06-17'),(10030,21,4,5,'2022-06-19'),(10030,22,4,4,'2022-06-21'),
                                             (10031,2,4,3,'2022-06-10'),(10031,4,4,5,'2022-06-06'),(10031,5,4,5,'2022-06-05'),(10031,12,4,5,'2022-06-07'),(10031,15,4,3,'2022-06-12'),(10031,21,4,4,'2022-06-14'),(10031,22,4,3,'2022-06-16'),
                                             (10032,2,4,5,'2022-06-11'),(10032,4,4,4,'2022-06-07'),(10032,5,4,3,'2022-06-05'),(10032,12,4,3,'2022-06-08'),(10032,15,4,5,'2022-06-13'),(10032,21,4,5,'2022-06-15'),(10032,22,4,5,'2022-06-17'),
                                             (10033,2,4,3,'2022-06-11'),(10033,4,4,5,'2022-06-07'),(10033,5,4,5,'2022-06-06'),(10033,12,4,5,'2022-06-08'),(10033,15,4,4,'2022-06-13'),(10033,21,4,4,'2022-06-15'),(10033,22,4,3,'2022-06-17'),
                                             (10034,2,4,5,'2022-06-12'),(10034,4,4,4,'2022-06-07'),(10034,5,4,4,'2022-06-06'),(10034,12,4,4,'2022-06-08'),(10034,15,4,5,'2022-06-14'),(10034,21,4,5,'2022-06-16'),(10034,22,4,5,'2022-06-18'),
                                             (10035,2,4,4,'2022-06-12'),(10035,4,4,3,'2022-06-08'),(10035,5,4,5,'2022-06-06'),(10035,12,4,5,'2022-06-09'),(10035,15,4,4,'2022-06-14'),(10035,21,4,4,'2022-06-16'),(10035,22,4,4,'2022-06-18'),
                                             (10036,2,4,5,'2022-06-13'),(10036,4,4,4,'2022-06-08'),(10036,5,4,4,'2022-06-06'),(10036,12,4,4,'2022-06-09'),(10036,15,4,5,'2022-06-15'),(10036,21,4,3,'2022-06-17'),(10036,22,4,5,'2022-06-19'),
                                             (10037,2,4,4,'2022-06-13'),(10037,4,4,3,'2022-06-08'),(10037,5,4,2,'2022-06-07'),(10037,12,4,5,'2022-06-09'),(10037,15,4,4,'2022-06-15'),(10037,21,4,4,'2022-06-17'),(10037,22,4,4,'2022-06-19'),
                                             (10038,2,4,2,'2022-06-14'),(10038,4,4,5,'2022-06-09'),(10038,5,4,4,'2022-06-07'),(10038,12,4,4,'2022-06-10'),(10038,15,4,3,'2022-06-16'),(10038,21,4,3,'2022-06-18'),(10038,22,4,2,'2022-06-20'),
                                             (10039,2,4,4,'2022-06-14'),(10039,4,4,3,'2022-06-09'),(10039,5,4,3,'2022-06-07'),(10039,12,4,3,'2022-06-10'),(10039,15,4,4,'2022-06-16'),(10039,21,4,5,'2022-06-18'),(10039,22,4,4,'2022-06-20'),
                                             (10040,2,4,3,'2022-06-15'),(10040,4,4,5,'2022-06-09'),(10040,5,4,5,'2022-06-07'),(10040,12,4,4,'2022-06-10'),(10040,15,4,3,'2022-06-17'),(10040,21,4,3,'2022-06-19'),(10040,22,4,3,'2022-06-21');
GO

-- ---------- Semester 5 subjects ----------
-- Subjects: 5(credit),16(exam),17(exam),18(exam),20(exam),23(exam),26(credit)
-- Students who passed sem 5: 10001-10030

INSERT INTO [dbo].[Certification_result] VALUES
                                             (10001,5,5,4,'2023-01-05'),(10001,16,5,5,'2023-01-10'),(10001,17,5,5,'2023-01-12'),(10001,18,5,4,'2023-01-14'),(10001,20,5,4,'2023-01-16'),(10001,23,5,5,'2023-01-18'),(10001,26,5,4,'2023-01-07'),
                                             (10002,5,5,3,'2023-01-05'),(10002,16,5,4,'2023-01-10'),(10002,17,5,4,'2023-01-12'),(10002,18,5,3,'2023-01-14'),(10002,20,5,5,'2023-01-17'),(10002,23,5,4,'2023-01-19'),(10002,26,5,5,'2023-01-07'),
                                             (10003,5,5,5,'2023-01-05'),(10003,16,5,2,'2023-01-11'),(10003,17,5,5,'2023-01-13'),(10003,18,5,5,'2023-01-15'),(10003,20,5,4,'2023-01-17'),(10003,23,5,5,'2023-01-19'),(10003,26,5,4,'2023-01-08'),
                                             (10004,5,5,3,'2023-01-06'),(10004,16,5,4,'2023-01-11'),(10004,17,5,4,'2023-01-13'),(10004,18,5,3,'2023-01-15'),(10004,20,5,5,'2023-01-18'),(10004,23,5,4,'2023-01-20'),(10004,26,5,3,'2023-01-08'),
                                             (10005,5,5,5,'2023-01-06'),(10005,16,5,3,'2023-01-12'),(10005,17,5,5,'2023-01-14'),(10005,18,5,5,'2023-01-16'),(10005,20,5,4,'2023-01-18'),(10005,23,5,3,'2023-01-20'),(10005,26,5,4,'2023-01-08'),
                                             (10006,5,5,4,'2023-01-06'),(10006,16,5,5,'2023-01-12'),(10006,17,5,4,'2023-01-14'),(10006,18,5,4,'2023-01-16'),(10006,20,5,3,'2023-01-19'),(10006,23,5,4,'2023-01-21'),(10006,26,5,3,'2023-01-09'),
                                             (10007,5,5,5,'2023-01-07'),(10007,16,5,3,'2023-01-13'),(10007,17,5,3,'2023-01-15'),(10007,18,5,5,'2023-01-17'),(10007,20,5,4,'2023-01-19'),(10007,23,5,3,'2023-01-21'),(10007,26,5,5,'2023-01-09'),
                                             (10008,5,5,4,'2023-01-07'),(10008,16,5,5,'2023-01-13'),(10008,17,5,4,'2023-01-15'),(10008,18,5,4,'2023-01-17'),(10008,20,5,3,'2023-01-20'),(10008,23,5,5,'2023-01-22'),(10008,26,5,3,'2023-01-09'),
                                             (10009,5,5,5,'2023-01-07'),(10009,16,5,4,'2023-01-14'),(10009,17,5,3,'2023-01-16'),(10009,18,5,2,'2023-01-18'),(10009,20,5,5,'2023-01-20'),(10009,23,5,3,'2023-01-22'),(10009,26,5,5,'2023-01-10'),
                                             (10010,5,5,4,'2023-01-07'),(10010,16,5,5,'2023-01-14'),(10010,17,5,5,'2023-01-16'),(10010,18,5,4,'2023-01-18'),(10010,20,5,3,'2023-01-21'),(10010,23,5,5,'2023-01-23'),(10010,26,5,4,'2023-01-10'),
                                             (10011,5,5,3,'2023-01-05'),(10011,16,5,4,'2023-01-10'),(10011,17,5,3,'2023-01-12'),(10011,18,5,3,'2023-01-14'),(10011,20,5,5,'2023-01-16'),(10011,23,5,4,'2023-01-18'),(10011,26,5,5,'2023-01-07'),
                                             (10012,5,5,4,'2023-01-05'),(10012,16,5,5,'2023-01-11'),(10012,17,5,5,'2023-01-13'),(10012,18,5,5,'2023-01-15'),(10012,20,5,4,'2023-01-17'),(10012,23,5,5,'2023-01-19'),(10012,26,5,4,'2023-01-08'),
                                             (10013,5,5,3,'2023-01-06'),(10013,16,5,4,'2023-01-11'),(10013,17,5,4,'2023-01-13'),(10013,18,5,3,'2023-01-15'),(10013,20,5,5,'2023-01-17'),(10013,23,5,4,'2023-01-19'),(10013,26,5,2,'2023-01-08'),
                                             (10014,5,5,5,'2023-01-06'),(10014,16,5,3,'2023-01-12'),(10014,17,5,5,'2023-01-14'),(10014,18,5,5,'2023-01-16'),(10014,20,5,4,'2023-01-18'),(10014,23,5,2,'2023-01-20'),(10014,26,5,4,'2023-01-08'),
                                             (10015,5,5,3,'2023-01-06'),(10015,16,5,4,'2023-01-12'),(10015,17,5,4,'2023-01-14'),(10015,18,5,4,'2023-01-16'),(10015,20,5,2,'2023-01-18'),(10015,23,5,4,'2023-01-20'),(10015,26,5,3,'2023-01-09'),
                                             (10016,5,5,5,'2023-01-07'),(10016,16,5,3,'2023-01-13'),(10016,17,5,2,'2023-01-15'),(10016,18,5,5,'2023-01-17'),(10016,20,5,4,'2023-01-19'),(10016,23,5,3,'2023-01-21'),(10016,26,5,5,'2023-01-09'),
                                             (10017,5,5,4,'2023-01-07'),(10017,16,5,5,'2023-01-13'),(10017,17,5,4,'2023-01-15'),(10017,18,5,4,'2023-01-17'),(10017,20,5,3,'2023-01-19'),(10017,23,5,5,'2023-01-21'),(10017,26,5,3,'2023-01-09'),
                                             (10018,5,5,5,'2023-01-07'),(10018,16,5,3,'2023-01-14'),(10018,17,5,3,'2023-01-16'),(10018,18,5,5,'2023-01-18'),(10018,20,5,5,'2023-01-20'),(10018,23,5,3,'2023-01-22'),(10018,26,5,5,'2023-01-10'),
                                             (10019,5,5,4,'2023-01-07'),(10019,16,5,5,'2023-01-14'),(10019,17,5,5,'2023-01-16'),(10019,18,5,4,'2023-01-18'),(10019,20,5,3,'2023-01-20'),(10019,23,5,5,'2023-01-22'),(10019,26,5,4,'2023-01-10'),
                                             (10020,5,5,2,'2023-01-08'),(10020,16,5,4,'2023-01-15'),(10020,17,5,3,'2023-01-17'),(10020,18,5,3,'2023-01-19'),(10020,20,5,5,'2023-01-21'),(10020,23,5,4,'2023-01-23'),(10020,26,5,5,'2023-01-10'),
                                             (10021,5,5,4,'2023-01-05'),(10021,16,5,5,'2023-01-10'),(10021,17,5,5,'2023-01-12'),(10021,18,5,4,'2023-01-14'),(10021,20,5,4,'2023-01-16'),(10021,23,5,5,'2023-01-18'),(10021,26,5,4,'2023-01-07'),
                                             (10022,5,5,3,'2023-01-05'),(10022,16,5,4,'2023-01-11'),(10022,17,5,4,'2023-01-13'),(10022,18,5,3,'2023-01-15'),(10022,20,5,5,'2023-01-17'),(10022,23,5,4,'2023-01-19'),(10022,26,5,5,'2023-01-08'),
                                             (10023,5,5,5,'2023-01-06'),(10023,16,5,2,'2023-01-11'),(10023,17,5,5,'2023-01-13'),(10023,18,5,5,'2023-01-15'),(10023,20,5,4,'2023-01-17'),(10023,23,5,5,'2023-01-19'),(10023,26,5,4,'2023-01-08'),
                                             (10024,5,5,3,'2023-01-06'),(10024,16,5,4,'2023-01-12'),(10024,17,5,4,'2023-01-14'),(10024,18,5,3,'2023-01-16'),(10024,20,5,5,'2023-01-18'),(10024,23,5,4,'2023-01-20'),(10024,26,5,3,'2023-01-08'),
                                             (10025,5,5,5,'2023-01-06'),(10025,16,5,3,'2023-01-12'),(10025,17,5,5,'2023-01-14'),(10025,18,5,5,'2023-01-16'),(10025,20,5,4,'2023-01-18'),(10025,23,5,3,'2023-01-20'),(10025,26,5,4,'2023-01-09'),
                                             (10026,5,5,4,'2023-01-07'),(10026,16,5,5,'2023-01-13'),(10026,17,5,4,'2023-01-15'),(10026,18,5,4,'2023-01-17'),(10026,20,5,3,'2023-01-19'),(10026,23,5,4,'2023-01-21'),(10026,26,5,3,'2023-01-09'),
                                             (10027,5,5,5,'2023-01-07'),(10027,16,5,3,'2023-01-13'),(10027,17,5,3,'2023-01-15'),(10027,18,5,5,'2023-01-17'),(10027,20,5,4,'2023-01-19'),(10027,23,5,3,'2023-01-21'),(10027,26,5,5,'2023-01-09'),
                                             (10028,5,5,4,'2023-01-07'),(10028,16,5,5,'2023-01-14'),(10028,17,5,4,'2023-01-16'),(10028,18,5,4,'2023-01-18'),(10028,20,5,3,'2023-01-20'),(10028,23,5,5,'2023-01-22'),(10028,26,5,3,'2023-01-10'),
                                             (10029,5,5,5,'2023-01-07'),(10029,16,5,4,'2023-01-14'),(10029,17,5,3,'2023-01-16'),(10029,18,5,2,'2023-01-18'),(10029,20,5,5,'2023-01-20'),(10029,23,5,3,'2023-01-22'),(10029,26,5,5,'2023-01-10'),
                                             (10030,5,5,4,'2023-01-08'),(10030,16,5,5,'2023-01-15'),(10030,17,5,5,'2023-01-17'),(10030,18,5,4,'2023-01-19'),(10030,20,5,3,'2023-01-21'),(10030,23,5,5,'2023-01-23'),(10030,26,5,4,'2023-01-10');
GO

-- ---------- Semester 6 subjects ----------
-- Subjects: 5(credit),17(credit),18(exam),24(exam),26(exam),27(exam),28(exam)
-- Students who passed sem 6: 10001-10020

INSERT INTO [dbo].[Certification_result] VALUES
                                             (10001,5,6,5,'2023-06-05'),(10001,17,6,3,'2023-06-07'),(10001,18,6,5,'2023-06-10'),(10001,24,6,3,'2023-06-12'),(10001,26,6,5,'2023-06-14'),(10001,27,6,4,'2023-06-16'),(10001,28,6,4,'2023-06-18'),
                                             (10002,5,6,4,'2023-06-05'),(10002,17,6,5,'2023-06-07'),(10002,18,6,4,'2023-06-10'),(10002,24,6,4,'2023-06-12'),(10002,26,6,4,'2023-06-15'),(10002,27,6,3,'2023-06-17'),(10002,28,6,2,'2023-06-19'),
                                             (10003,5,6,2,'2023-06-06'),(10003,17,6,3,'2023-06-08'),(10003,18,6,3,'2023-06-11'),(10003,24,6,3,'2023-06-13'),(10003,26,6,5,'2023-06-15'),(10003,27,6,5,'2023-06-17'),(10003,28,6,4,'2023-06-19'),
                                             (10004,5,6,4,'2023-06-06'),(10004,17,6,5,'2023-06-08'),(10004,18,6,4,'2023-06-11'),(10004,24,6,5,'2023-06-13'),(10004,26,6,4,'2023-06-16'),(10004,27,6,3,'2023-06-18'),(10004,28,6,3,'2023-06-20'),
                                             (10005,5,6,3,'2023-06-06'),(10005,17,6,4,'2023-06-08'),(10005,18,6,3,'2023-06-12'),(10005,24,6,3,'2023-06-14'),(10005,26,6,5,'2023-06-16'),(10005,27,6,5,'2023-06-18'),(10005,28,6,5,'2023-06-20'),
                                             (10006,5,6,5,'2023-06-07'),(10006,17,6,5,'2023-06-09'),(10006,18,6,5,'2023-06-12'),(10006,24,6,5,'2023-06-14'),(10006,26,6,4,'2023-06-17'),(10006,27,6,4,'2023-06-19'),(10006,28,6,3,'2023-06-21'),
                                             (10007,5,6,3,'2023-06-07'),(10007,17,6,4,'2023-06-09'),(10007,18,6,3,'2023-06-13'),(10007,24,6,4,'2023-06-15'),(10007,26,6,3,'2023-06-17'),(10007,27,6,5,'2023-06-19'),(10007,28,6,5,'2023-06-21'),
                                             (10008,5,6,5,'2023-06-07'),(10008,17,6,5,'2023-06-09'),(10008,18,6,5,'2023-06-13'),(10008,24,6,5,'2023-06-15'),(10008,26,6,4,'2023-06-18'),(10008,27,6,4,'2023-06-20'),(10008,28,6,4,'2023-06-22'),
                                             (10009,5,6,4,'2023-06-08'),(10009,17,6,4,'2023-06-10'),(10009,18,6,4,'2023-06-14'),(10009,24,6,4,'2023-06-16'),(10009,26,6,3,'2023-06-18'),(10009,27,6,2,'2023-06-20'),(10009,28,6,5,'2023-06-22'),
                                             (10010,5,6,5,'2023-06-08'),(10010,17,6,3,'2023-06-10'),(10010,18,6,5,'2023-06-14'),(10010,24,6,2,'2023-06-16'),(10010,26,6,5,'2023-06-19'),(10010,27,6,4,'2023-06-21'),(10010,28,6,4,'2023-06-23'),
                                             (10011,5,6,4,'2023-06-05'),(10011,17,6,4,'2023-06-07'),(10011,18,6,4,'2023-06-10'),(10011,24,6,4,'2023-06-12'),(10011,26,6,3,'2023-06-14'),(10011,27,6,3,'2023-06-16'),(10011,28,6,5,'2023-06-18'),
                                             (10012,5,6,5,'2023-06-06'),(10012,17,6,3,'2023-06-08'),(10012,18,6,2,'2023-06-11'),(10012,24,6,3,'2023-06-13'),(10012,26,6,5,'2023-06-15'),(10012,27,6,5,'2023-06-17'),(10012,28,6,4,'2023-06-19'),
                                             (10013,5,6,4,'2023-06-06'),(10013,17,6,5,'2023-06-08'),(10013,18,6,4,'2023-06-11'),(10013,24,6,5,'2023-06-13'),(10013,26,6,4,'2023-06-15'),(10013,27,6,3,'2023-06-17'),(10013,28,6,3,'2023-06-19'),
                                             (10014,5,6,3,'2023-06-06'),(10014,17,6,3,'2023-06-08'),(10014,18,6,3,'2023-06-12'),(10014,24,6,3,'2023-06-14'),(10014,26,6,5,'2023-06-16'),(10014,27,6,5,'2023-06-18'),(10014,28,6,4,'2023-06-20'),
                                             (10015,5,6,4,'2023-06-07'),(10015,17,6,5,'2023-06-09'),(10015,18,6,5,'2023-06-12'),(10015,24,6,5,'2023-06-14'),(10015,26,6,4,'2023-06-16'),(10015,27,6,4,'2023-06-18'),(10015,28,6,3,'2023-06-20'),
                                             (10016,5,6,3,'2023-06-07'),(10016,17,6,4,'2023-06-09'),(10016,18,6,3,'2023-06-13'),(10016,24,6,4,'2023-06-15'),(10016,26,6,2,'2023-06-17'),(10016,27,6,5,'2023-06-19'),(10016,28,6,5,'2023-06-21'),
                                             (10017,5,6,5,'2023-06-07'),(10017,17,6,5,'2023-06-09'),(10017,18,6,5,'2023-06-13'),(10017,24,6,5,'2023-06-15'),(10017,26,6,4,'2023-06-17'),(10017,27,6,4,'2023-06-19'),(10017,28,6,3,'2023-06-21'),
                                             (10018,5,6,3,'2023-06-08'),(10018,17,6,4,'2023-06-10'),(10018,18,6,4,'2023-06-14'),(10018,24,6,4,'2023-06-16'),(10018,26,6,3,'2023-06-18'),(10018,27,6,5,'2023-06-20'),(10018,28,6,5,'2023-06-22'),
                                             (10019,5,6,5,'2023-06-08'),(10019,17,6,2,'2023-06-10'),(10019,18,6,5,'2023-06-14'),(10019,24,6,5,'2023-06-16'),(10019,26,6,5,'2023-06-18'),(10019,27,6,4,'2023-06-20'),(10019,28,6,4,'2023-06-22'),
                                             (10020,5,6,4,'2023-06-08'),(10020,17,6,4,'2023-06-10'),(10020,18,6,4,'2023-06-15'),(10020,24,6,4,'2023-06-17'),(10020,26,6,3,'2023-06-19'),(10020,27,6,3,'2023-06-21'),(10020,28,6,5,'2023-06-23');
GO

-- ---------- Semester 7 subjects ----------
-- Subjects: 18(credit),24(credit),25(exam),28(credit),29(exam),30(credit)
-- Students who passed sem 7: 10001-10010

INSERT INTO [dbo].[Certification_result] VALUES
                                             (10001,18,7,4,'2024-01-08'),(10001,24,7,4,'2024-01-06'),(10001,25,7,3,'2024-01-10'),(10001,28,7,5,'2024-01-07'),(10001,29,7,5,'2024-01-12'),(10001,30,7,4,'2024-01-09'),
                                             (10002,18,7,5,'2024-01-08'),(10002,24,7,5,'2024-01-06'),(10002,25,7,5,'2024-01-10'),(10002,28,7,4,'2024-01-07'),(10002,29,7,3,'2024-01-13'),(10002,30,7,3,'2024-01-09'),
                                             (10003,18,7,4,'2024-01-09'),(10003,24,7,4,'2024-01-07'),(10003,25,7,4,'2024-01-11'),(10003,28,7,5,'2024-01-08'),(10003,29,7,5,'2024-01-13'),(10003,30,7,4,'2024-01-10'),
                                             (10004,18,7,5,'2024-01-09'),(10004,24,7,3,'2024-01-07'),(10004,25,7,5,'2024-01-11'),(10004,28,7,4,'2024-01-08'),(10004,29,7,4,'2024-01-14'),(10004,30,7,3,'2024-01-10'),
                                             (10005,18,7,4,'2024-01-10'),(10005,24,7,4,'2024-01-08'),(10005,25,7,4,'2024-01-12'),(10005,28,7,2,'2024-01-09'),(10005,29,7,5,'2024-01-14'),(10005,30,7,5,'2024-01-11'),
                                             (10006,18,7,3,'2024-01-10'),(10006,24,7,3,'2024-01-08'),(10006,25,7,2,'2024-01-12'),(10006,28,7,4,'2024-01-09'),(10006,29,7,4,'2024-01-15'),(10006,30,7,3,'2024-01-11'),
                                             (10007,18,7,4,'2024-01-11'),(10007,24,7,5,'2024-01-09'),(10007,25,7,4,'2024-01-13'),(10007,28,7,3,'2024-01-10'),(10007,29,7,5,'2024-01-15'),(10007,30,7,5,'2024-01-12'),
                                             (10008,18,7,3,'2024-01-11'),(10008,24,7,3,'2024-01-09'),(10008,25,7,3,'2024-01-13'),(10008,28,7,5,'2024-01-10'),(10008,29,7,4,'2024-01-16'),(10008,30,7,4,'2024-01-12'),
                                             (10009,18,7,5,'2024-01-12'),(10009,24,7,5,'2024-01-10'),(10009,25,7,5,'2024-01-14'),(10009,28,7,3,'2024-01-11'),(10009,29,7,3,'2024-01-16'),(10009,30,7,5,'2024-01-13'),
                                             (10010,18,7,3,'2024-01-12'),(10010,24,7,4,'2024-01-10'),(10010,25,7,3,'2024-01-14'),(10010,28,7,5,'2024-01-11'),(10010,29,7,4,'2024-01-17'),(10010,30,7,4,'2024-01-13');
GO

-- ---------- Semester 8 subjects ----------
-- Subjects: 25(credit),29(credit),30(exam)
-- Students who completed sem 8: none yet (all are still in sem 8)
-- No Certification_result rows for sem 8 since current_semester = 8 means they are IN that semester

-- ============================================================
-- Quick sanity check (optional, comment out if not needed)
-- ============================================================
-- SELECT COUNT(*) AS total_students FROM [dbo].[Student];
-- SELECT COUNT(*) AS total_subjects FROM [dbo].[Subject];
-- SELECT COUNT(*) AS total_curriculum FROM [dbo].[Curriculum_subject];
-- SELECT COUNT(*) AS total_results FROM [dbo].[Certification_result];